<?xml version="1.0"?>
<doc>
    <assembly>
        <name>AddinExpress.WD.2005</name>
    </assembly>
    <members>
        <member name="T:AddinExpress.WD.ADXRegionBorderStyle">
            <summary>Specifies the border style for a region.</summary>
        </member>
        <member name="T:AddinExpress.WD.ADXRegionState">
            <summary>The default states of the region to which the forms created by the
            current collection item will be embedded.</summary>
        </member>
        <member name="T:AddinExpress.WD.ADXOutlookVersion">
            <summary>Outlook versions.</summary>
        </member>
        <member name="T:AddinExpress.WD.EmbeddedFormStates">
            <summary>The state of an ADXWordTaskPane.</summary>
            <remarks>An instance of the ADXWordTaskPane can be in one of three states determined
            by the Active and Visible properties of the instance. When on top of the set of
            ADXWordTaskPane instances in a given layout, the Active property of the instance is
            True. This state is called Active. When not on top of the set of ADXWordTaskPane
            instances in the layout, the Active property of the instance is False. This
            state is called Visible. When not in any layout, the Visible property is
            False.</remarks>
        </member>
        <member name="F:AddinExpress.WD.EmbeddedFormStates.Visible">
            <summary>The ADXWordTaskPane is not on top of the set of instances in a
            layout.</summary>
        </member>
        <member name="F:AddinExpress.WD.EmbeddedFormStates.Active">
            <summary>The ADXWordTaskPane is on top of the set of instances in a layout.</summary>
        </member>
        <member name="T:AddinExpress.WD.ADXOlReadingPaneLayout">
            <summary>Reading Pane layouts.</summary>
        </member>
        <member name="T:AddinExpress.WD.ADXOlExplorerItemTypes">
            <summary>
            Outlook item types for which an ADXOlForm can be shown.
            </summary>
        </member>
        <member name="T:AddinExpress.WD.ADXOlInspectorItemTypes">
            <summary>
            Outlook item types for which an ADXOlForm can be shown.
            </summary>
        </member>
        <member name="T:AddinExpress.WD.ADXOlInspectorMode">
            <summary>
            Outlook item types for which an ADXOlForm can be shown.
            </summary>
        </member>
        <member name="T:AddinExpress.WD.ADXOlExplorerLayout">
            <summary>Regions available for embedding an ADXOlForm into explorer
            windows.</summary>
        </member>
        <member name="F:AddinExpress.WD.ADXOlExplorerLayout.Unknown">
            <summary>
            The form will not be shown.
            </summary>
        </member>
        <member name="F:AddinExpress.WD.ADXOlExplorerLayout.TopSubpane">
            <summary>
            At the top of the list of messages, tasks, etc
            </summary>
        </member>
        <member name="F:AddinExpress.WD.ADXOlExplorerLayout.BottomSubpane">
            <summary>
            At the bottom of the list of messages, tasks, etc
            </summary>
        </member>
        <member name="F:AddinExpress.WD.ADXOlExplorerLayout.RightSubpane">
            <summary>
            To the right of the list of messages, tasks, etc
            </summary>
        </member>
        <member name="F:AddinExpress.WD.ADXOlExplorerLayout.WebViewPane">
            <summary>
            The form will be shown as the folder home page.
            </summary>
        </member>
        <member name="F:AddinExpress.WD.ADXOlExplorerLayout.LeftSubpane">
            <summary>
            To the left of the list of messages, tasks, etc
            </summary>
        </member>
        <member name="F:AddinExpress.WD.ADXOlExplorerLayout.BottomOutlookBar">
            <summary>At the bottom of the Outlook Bar in Outlook 2000 and 2002.</summary>
        </member>
        <member name="F:AddinExpress.WD.ADXOlExplorerLayout.BottomNavigationPane">
            <summary>At the bottom of the Navigation Pane in Outlook 2003, 2007 and 2010.</summary>
        </member>
        <member name="F:AddinExpress.WD.ADXOlExplorerLayout.BottomTodoBar">
            <summary>At the bottom of the To-Do Bar in Outlook 2007 and 2010.</summary>
        </member>
        <member name="F:AddinExpress.WD.ADXOlExplorerLayout.TopReadingPane">
            <summary>
            At the top of the Reading Pane's content
            </summary>
        </member>
        <member name="F:AddinExpress.WD.ADXOlExplorerLayout.BottomReadingPane">
            <summary>
            At the bottom of the Reading Pane's content 
            </summary>
        </member>
        <member name="F:AddinExpress.WD.ADXOlExplorerLayout.LeftReadingPane">
            <summary>
            To the left of the Reading Pane's content
            </summary>
        </member>
        <member name="F:AddinExpress.WD.ADXOlExplorerLayout.RightReadingPane">
            <summary>
            To the right of the Reading Pane's content
            </summary>
        </member>
        <member name="F:AddinExpress.WD.ADXOlExplorerLayout.ReadingPane">
            <summary>
            The form will be shown below the Reading Pane's content. This will also show a header allowing the end-user to switch between the form and the Reading Pane's content.
            </summary>
        </member>
        <member name="F:AddinExpress.WD.ADXOlExplorerLayout.FolderView">
            <summary>
            The form will be shown below the Reading Pane's content. This will also show a header allowing the end-user to switch between the form and the Reading Pane's content.
            </summary>
        </member>
        <member name="T:AddinExpress.WD.ADXOlSplitterBehavior">
            <summary>Splitter behavior.</summary>
        </member>
        <member name="F:AddinExpress.WD.ADXOlSplitterBehavior.None">
            <summary>The user is unable to resize the form. The developer is able to resize the
            form programmatically.</summary>
        </member>
        <member name="F:AddinExpress.WD.ADXOlSplitterBehavior.Standard">
            <summary>The user is able to resize, show, or hide the form. The developer is
            unable to resize the form programmatically.</summary>
        </member>
        <member name="T:AddinExpress.WD.ADXOlInspectorLayout">
            <summary>Regions available for embedding an ADXOlForm into inspector
            windows.</summary>
        </member>
        <member name="F:AddinExpress.WD.ADXOlInspectorLayout.Unknown">
            <summary>
            The form will not be shown.
            </summary>
        </member>
        <member name="F:AddinExpress.WD.ADXOlInspectorLayout.TopSubpane">
            <summary>
            At the top of the body of the message, task, etc
            </summary>
        </member>
        <member name="F:AddinExpress.WD.ADXOlInspectorLayout.BottomSubpane">
            <summary>
            At the bottom of the body of the message, task, etc
            </summary>
        </member>
        <member name="F:AddinExpress.WD.ADXOlInspectorLayout.RightSubpane">
            <summary>
            In the right part of the body of the message, task, etc
            </summary>
        </member>
        <member name="F:AddinExpress.WD.ADXOlInspectorLayout.LeftSubpane">
            <summary>
            In the left part of the body of the message, task, etc
            </summary>
        </member>
        <member name="F:AddinExpress.WD.ADXOlInspectorLayout.InspectorRegion">
            <summary>
            Underneath the body of the message, task, etc. This will also show a header allowing the end-user to switch between the form and the message itself.
            </summary>
        </member>
        <member name="T:AddinExpress.WD.ADXOlCachingStrategy">
            <summary>Caching strategies when an ADXOlFom is embedded into an explorer
            window.</summary>
        </member>
        <member name="F:AddinExpress.WD.ADXOlCachingStrategy.None">
            <summary>A new instance of the ADXOlForm will be
            created whenever the user switches between
            folders.</summary>
        </member>
        <member name="F:AddinExpress.WD.ADXOlCachingStrategy.NewInstanceForEachFolder">
            <summary>While in the same
            explorer window, the same instance of the ADXOlForm will be shown whenever the
            user navigates to the same folder.</summary>
        </member>
        <member name="F:AddinExpress.WD.ADXOlCachingStrategy.OneInstanceForAllFolders">
            <summary>While in the same
            explorer window, the same instance of the ADXOlForm will be shown for every
            folder from the folder set that the FolderName(s), ExplorerMessgageClass(es),
            and ExplorerItemTypes properties
            constitute.</summary>
        </member>
        <member name="T:AddinExpress.WD.SupportedInVisualDesignerAttribute">
            <summary> 
            This class supports the Add-in Express infrastructure and is not intended to be used directly from your code.
            </summary>
        </member>
        <member name="M:AddinExpress.WD.SupportedInVisualDesignerAttribute.#ctor">
            <summary>
            Initializes an instance of the class.
            </summary>
        </member>
        <member name="M:AddinExpress.WD.SupportedInVisualDesignerAttribute.#ctor(System.Boolean)">
            <summary> 
            This member supports the Add-in Express infrastructure and is not intended to be used directly from your code.
            </summary>
            <param name="visible">Determines whether a property will show up in the Add-in Express designer list.</param>
        </member>
        <member name="P:AddinExpress.WD.SupportedInVisualDesignerAttribute.Visible">
            <summary> 
            This property supports the Add-in Express infrastructure and is not intended to be used directly from your code.
            </summary>
        </member>
        <member name="T:AddinExpress.Extensions.ADXErrorForm">
            <summary>
            Summary description for ADXErrorForm.
            </summary>
        </member>
        <member name="F:AddinExpress.Extensions.ADXErrorForm.components">
            <summary>
            Required designer variable.
            </summary>
        </member>
        <member name="M:AddinExpress.Extensions.ADXErrorForm.Dispose(System.Boolean)">
            <summary>
            Clean up any resources being used.
            </summary>
        </member>
        <member name="M:AddinExpress.Extensions.ADXErrorForm.InitializeComponent">
            <summary>
            Required method for Designer support - do not modify
            the contents of this method with the code editor.
            </summary>
        </member>
        <member name="T:AddinExpress.Extensions.ADXForm">
            <summary> The base class for a form embeddable into windows of the host
            applications which are supported by the Add-in Express Extensions product
            line.</summary>
        </member>
        <member name="F:AddinExpress.Extensions.ADXForm.components">
            <summary>
            Required designer variable.
            </summary>
        </member>
        <member name="M:AddinExpress.Extensions.ADXForm.#ctor">
            <summary>
            Initializes an instance of the class.
            </summary>
        </member>
        <member name="M:AddinExpress.Extensions.ADXForm.Dispose(System.Boolean)">
            <summary>
            Clean up any resources being used.
            </summary>
        </member>
        <member name="M:AddinExpress.Extensions.ADXForm.InitializeComponent">
            <summary>
            Required method for Designer support - do not modify
            the contents of this method with the code editor.
            </summary>
        </member>
        <member name="M:AddinExpress.Extensions.ADXForm.Show">
            <summary>
            This method should be overridden by the descendants of the class.
            </summary>
        </member>
        <member name="M:AddinExpress.Extensions.ADXForm.Activate">
            <summary>
            Places the form on top of the set of ADXForm instances in the current layout.
            </summary>
        </member>
        <member name="M:AddinExpress.Extensions.ADXForm.Hide">
            <summary>
            Hides the form.
            </summary>
        </member>
        <member name="M:AddinExpress.Extensions.ADXForm.Highlight">
            <summary>
            Flashes the specified instance of the form. It does not change the active state of the form.
            </summary>
        </member>
        <member name="P:AddinExpress.Extensions.ADXForm.Text">
            <summary>
            Gets or sets the text associated with this form.
            </summary>
        </member>
        <member name="P:AddinExpress.Extensions.ADXForm.Icon">
            <summary>
            Gets or sets the icon for the form.
            </summary>
        </member>
        <member name="P:AddinExpress.Extensions.ADXForm.Visible">
            <summary>
            Gets or sets a value indicating whether the form is embedded.
            </summary>
        </member>
        <member name="P:AddinExpress.Extensions.ADXForm.TransparencyKey">
            <summary>
            This property is not supported. 
            </summary>
        </member>
        <member name="P:AddinExpress.Extensions.ADXForm.Opacity">
            <summary>
            This property is not supported. 
            </summary>
        </member>
        <member name="P:AddinExpress.Extensions.ADXForm.AutoSize">
            <summary>
            Returns false. You cannot set this property.
            </summary>
        </member>
        <member name="P:AddinExpress.Extensions.ADXForm.FormBorderStyle">
            <summary>
            Gets or sets the border style of the form.
            </summary>
        </member>
        <member name="P:AddinExpress.Extensions.ADXForm.Active">
            <summary>
            Gets a boolean value indicating whether the form is on top of the set of ADXForm instances in the current layout.
            </summary>
        </member>
        <member name="E:AddinExpress.Extensions.ADXForm.Activated">
            <summary>
            Occurs when the form becomes placed on top of the set of ADXForm instances in the current layout.
            </summary>
        </member>
        <member name="E:AddinExpress.Extensions.ADXForm.Deactivate">
            <summary>
            Occurs when the form is moved from the top of the set of ADXForm instances in the current layout.
            </summary>
        </member>
        <member name="T:AddinExpress.Extensions.ADXIntResource">
            <summary> This member supports the Add-in Express infrastructure and is not
            intended to be used directly from your code.</summary>
        </member>
        <member name="M:AddinExpress.Extensions.ADXIntResource.#ctor">
            <summary>
            Initializes a new instance of the ADXIntResource class.
            </summary>
        </member>
        <member name="M:AddinExpress.Extensions.ADXIntResource.Renewal(System.Runtime.Remoting.Lifetime.ILease)">
            <summary> This member supports the Add-in Express infrastructure and is not
            intended to be used directly from your code.</summary>
            <param name="lease">In the current version, this parameter is ignored.</param>
        </member>
        <member name="M:AddinExpress.Extensions.ADXIntResource.GetInstance">
            <summary> This member supports the Add-in Express infrastructure and is not
            intended to be used directly from your code.</summary>
        </member>
        <member name="M:AddinExpress.Extensions.ADXIntResource.Register">
            <summary> This member supports the Add-in Express infrastructure and is not
            intended to be used directly from your code.</summary>
        </member>
        <member name="M:AddinExpress.Extensions.ADXIntResource.Unregister">
            <summary> This member supports the Add-in Express infrastructure and is not
            intended to be used directly from your code.</summary>
        </member>
        <member name="M:AddinExpress.Extensions.ADXIntResource.LoadAssembly(System.AppDomain@)">
            <summary> This member supports the Add-in Express infrastructure and is not
            intended to be used directly from your code.</summary>
            <param name="newDomain">The AppDomain instance that will be set.</param>
        </member>
        <member name="M:AddinExpress.Extensions.ADXIntResource.AssemblyResolveEventHandler(System.Object,System.ResolveEventArgs)">
            <summary> This member supports the Add-in Express infrastructure and is not
            intended to be used directly from your code.</summary>
            <param name="sender">In the current version, this parameter is ignored.</param>
            <param name="args">In the current version, this parameter is ignored.</param>
        </member>
        <member name="T:AddinExpress.Extensions.ADXCTPControl">
            <summary> This member supports the Add-in Express infrastructure and is not
            intended to be used directly from your code.</summary>
        </member>
        <member name="T:AddinExpress.Extensions.AdxWMIEmulateWindow">
            <summary>
            Summary description for AdxWMIEmulateWindow.
            </summary>
        </member>
        <member name="T:AddinExpress.Extensions.WindowsAPI._EnumWindows">
            <summary>
            EnumWindows wrapper for .NET
            </summary>
        </member>
        <member name="M:AddinExpress.Extensions.WindowsAPI._EnumWindows.GetWindows">
            <summary>
            Gets all top level windows on the system.
            </summary>
        </member>
        <member name="M:AddinExpress.Extensions.WindowsAPI._EnumWindows.GetWindows(System.IntPtr)">
            <summary>
            Gets all child windows of the specified window
            </summary>
            <param name="hWndParent">Window Handle to get children for</param>
        </member>
        <member name="M:AddinExpress.Extensions.WindowsAPI._EnumWindows.WindowEnum(System.IntPtr,System.Int32)">
            <summary>
            The enum Windows callback.
            </summary>
            <param name="hWnd">Window Handle</param>
            <param name="lParam">Application defined value</param>
            <returns>1 to continue enumeration, 0 to stop</returns>
        </member>
        <member name="M:AddinExpress.Extensions.WindowsAPI._EnumWindows.OnWindowEnum(System.IntPtr)">
            <summary>
            Called whenever a new window is about to be added
            by the Window enumeration called from GetWindows.
            If overriding this function, return true to continue
            enumeration or false to stop.  If you do not call
            the base implementation the Items collection will
            be empty.
            </summary>
            <param name="hWnd">Window handle to add</param>
            <returns>True to continue enumeration, False to stop</returns>
        </member>
        <member name="P:AddinExpress.Extensions.WindowsAPI._EnumWindows.Items">
            <summary>
            Returns the collection of windows returned by
            GetWindows
            </summary>
        </member>
        <member name="T:AddinExpress.Extensions.WindowsAPI.EnumWindowsCollection">
            <summary>
            Holds a collection of Windows returned by GetWindows.
            </summary>
        </member>
        <member name="M:AddinExpress.Extensions.WindowsAPI.EnumWindowsCollection.Add(System.IntPtr)">
            <summary>
            Add a new Window to the collection.  Intended for
            internal use by EnumWindows only.
            </summary>
            <param name="hWnd">Window handle to add</param>
        </member>
        <member name="M:AddinExpress.Extensions.WindowsAPI.EnumWindowsCollection.#ctor">
            <summary>
            Constructs a new EnumWindowsCollection object.
            </summary>
        </member>
        <member name="P:AddinExpress.Extensions.WindowsAPI.EnumWindowsCollection.Item(System.Int32)">
            <summary>
            Gets the Window at the specified index
            </summary>
        </member>
        <member name="T:AddinExpress.Extensions.WindowsAPI.EnumWindowsItem">
            <summary>
            Provides details about a Window returned by the 
            enumeration
            </summary>
        </member>
        <member name="F:AddinExpress.Extensions.WindowsAPI.EnumWindowsItem.hWnd">
            <summary>
            The window handle.
            </summary>
        </member>
        <member name="M:AddinExpress.Extensions.WindowsAPI.EnumWindowsItem.GetHashCode">
            <summary>
            To allow items to be compared, the hash code
            is set to the Window handle, so two EnumWindowsItem
            objects for the same Window will be equal.
            </summary>
            <returns>The Window Handle for this window</returns>
        </member>
        <member name="M:AddinExpress.Extensions.WindowsAPI.EnumWindowsItem.Restore">
            <summary>
            Restores and Brings the window to the front, 
            assuming it is a visible application window.
            </summary>
        </member>
        <member name="M:AddinExpress.Extensions.WindowsAPI.EnumWindowsItem.#ctor(System.IntPtr)">
            <summary>
             Constructs a new instance of this class for
             the specified Window Handle.
            </summary>
            <param name="hWnd">The Window Handle</param>
        </member>
        <member name="P:AddinExpress.Extensions.WindowsAPI.EnumWindowsItem.Handle">
            <summary>
            Gets the window's handle
            </summary>
        </member>
        <member name="P:AddinExpress.Extensions.WindowsAPI.EnumWindowsItem.Text">
            <summary>
            Gets the window's title (caption)
            </summary>
        </member>
        <member name="P:AddinExpress.Extensions.WindowsAPI.EnumWindowsItem.ClassName">
            <summary>
            Gets the window's class name.
            </summary>
        </member>
        <member name="P:AddinExpress.Extensions.WindowsAPI.EnumWindowsItem.Iconic">
            <summary>
            Gets/Sets whether the window is iconic (mimimised) or not.
            </summary>
        </member>
        <member name="P:AddinExpress.Extensions.WindowsAPI.EnumWindowsItem.Maximised">
            <summary>
            Gets/Sets whether the window is maximised or not.
            </summary>
        </member>
        <member name="P:AddinExpress.Extensions.WindowsAPI.EnumWindowsItem.Visible">
            <summary>
            Gets whether the window is visible.
            </summary>
        </member>
        <member name="P:AddinExpress.Extensions.WindowsAPI.EnumWindowsItem.Rect">
            <summary>
            Gets the bounding rectangle of the window
            </summary>
        </member>
        <member name="P:AddinExpress.Extensions.WindowsAPI.EnumWindowsItem.Location">
            <summary>
            Gets the location of the window relative to the screen.
            </summary>
        </member>
        <member name="P:AddinExpress.Extensions.WindowsAPI.EnumWindowsItem.Size">
            <summary>
            Gets the size of the window.
            </summary>
        </member>
        <member name="F:AddinExpress.Extensions.WindowsAPI.EnumWindowsItem.UnManagedMethods.FLASHW_STOP">
            <summary>
            Stop flashing. The system restores the window to its original state.
            </summary>
        </member>
        <member name="F:AddinExpress.Extensions.WindowsAPI.EnumWindowsItem.UnManagedMethods.FLASHW_CAPTION">
            <summary>
            Flash the window caption. 
            </summary>
        </member>
        <member name="F:AddinExpress.Extensions.WindowsAPI.EnumWindowsItem.UnManagedMethods.FLASHW_TRAY">
            <summary>
            Flash the taskbar button.
            </summary>
        </member>
        <member name="F:AddinExpress.Extensions.WindowsAPI.EnumWindowsItem.UnManagedMethods.FLASHW_ALL">
            <summary>
            Flash both the window caption and taskbar button.
            </summary>
        </member>
        <member name="F:AddinExpress.Extensions.WindowsAPI.EnumWindowsItem.UnManagedMethods.FLASHW_TIMER">
            <summary>
            Flash continuously, until the FLASHW_STOP flag is set.
            </summary>
        </member>
        <member name="F:AddinExpress.Extensions.WindowsAPI.EnumWindowsItem.UnManagedMethods.FLASHW_TIMERNOFG">
            <summary>
            Flash continuously until the window comes to the foreground. 
            </summary>
        </member>
        <member name="T:AddinExpress.WD.ADXWordTaskPaneInstancesCollection">
            <summary>Represents a collection of ADXWordTaskPane instances created by a
            ADXWordTaskPanesCollectionItem (see also Remarks). 
            <para>If the Show Windows in Taskbar flag is cleared in Word 2002, 2003, 2007,
            the collection contains exactly one instance.</para></summary>
        </member>
        <member name="M:AddinExpress.WD.ADXWordTaskPaneInstancesCollection.#ctor(System.Collections.IList)">
            <summary>Creates an instance of the class.</summary>
            <param name="sourceList">An object implementing the IList interface.</param>
        </member>
        <member name="M:AddinExpress.WD.ADXWordTaskPaneInstancesCollection.IndexOf(AddinExpress.WD.ADXWordTaskPane)">
            <summary> Returns the index of the specified ADXWordTaskPane in the collection.</summary>
            <param name="taskPane">The ADXWordTaskPane to search for in the collection.</param>
            <returns>Integer.</returns>
        </member>
        <member name="M:AddinExpress.WD.ADXWordTaskPaneInstancesCollection.Contains(AddinExpress.WD.ADXWordTaskPane)">
            <summary>
            Indicates whether the specified ADXWordTaskPane in the collection.
            </summary>
            <param name="taskPane">The ADXWordTaskPane to locate in the collection.</param>
        </member>
        <member name="M:AddinExpress.WD.ADXWordTaskPaneInstancesCollection.GetEnumerator">
            <summary>Returns an object that implements the System.Collections.IEnumerator 
            interface and that can iterate through the ADXWordTaskPane objects within the
            ADXWordTaskPaneInstancesCollection collection.</summary>
        </member>
        <member name="M:AddinExpress.WD.ADXWordTaskPaneInstancesCollection.CopyTo(System.Array,System.Int32)">
             <summary>Copies all of the elements of the current ADXWordTaskPaneInstancesCollection collection to
             the specified one-dimensional array, starting at the specified destination array
             index.</summary>
             <param name="array">The one-dimensional Array that is the destination of the elements
            copied from ICollection. The System.Array must have zero-based
            indexing.</param>
             <param name="index">The zero-based index in array at which copying begins.</param>
        </member>
        <member name="P:AddinExpress.WD.ADXWordTaskPaneInstancesCollection.Item(System.Int32)">
            <summary>Returns the ADXWordTaskPane at the specified index.
            </summary>
            <param name="index">The index of the ADXWordTaskPane to get.</param>
        </member>
        <member name="P:AddinExpress.WD.ADXWordTaskPaneInstancesCollection.Count">
            <summary>Gets the number of elements contained in the ADXWordTaskPaneInstancesCollection
            instance.</summary>
        </member>
        <member name="P:AddinExpress.WD.ADXWordTaskPaneInstancesCollection.IsSynchronized">
            <summary>Gets a value indicating whether access to the collection is
            synchronized (thread safe).</summary>
        </member>
        <member name="P:AddinExpress.WD.ADXWordTaskPaneInstancesCollection.SyncRoot">
            <summary>Gets an object that can be used to synchronize access to the
            collection.</summary>
        </member>
        <member name="T:AddinExpress.WD.ADXWordTaskPane">
            <summary>A highly specific version of the System.Windows.Forms.Form class
            designed for being embedded into Word windows.</summary>
            <remarks>This class and its base class (AddinExpress.Extensions.ADXForm)
            override a number of properties, methods and events of the
            System.Windows.Forms.Form class.
            <para>In addition, this class provides a number of members that relate to the
            architecture of Add-in Express Extensions for Word. For instance, you can
            access AddinModule, FormsManager, and Item properties.</para>
            <para>An ADXWordTaskPane can be in one of three states determined by the Active
            and Visible properties of the instance. When on top of the set of
            ADExcelTaskPane instances in a given layout, the Active property of the instance
            is True. This state is called Active. When not on top of the set of
            ADExcelTaskPane instances in the layout, the Active property of the instance is
            False. This state is called Visible. When not in any layout, the Visible
            property is False.</para>
            <para>When you need to show a form in a usual way, say as a dialog window, use
            the System.Windows.Forms.Form class.</para></remarks>
        </member>
        <member name="M:AddinExpress.WD.ADXWordTaskPane.InitializeComponent">
            <summary>
            Required method for Designer support - do not modify
            the contents of this method with the code editor.
            </summary>
        </member>
        <member name="M:AddinExpress.WD.ADXWordTaskPane.Show">
            <summary>Embeds the ADXWordTaskPane into the layout specified by the
            ADXWordTaskPanesCollectionItem (see the Item property).</summary>
            <remarks>When the ADXWordTaskPane is embedded, its Visible property is True. To
            move the form on top of the set of ADXWordTaskPane instances in the layout, use
            the Activate method.</remarks>
        </member>
        <member name="M:AddinExpress.WD.ADXWordTaskPane.Hide">
            <summary>Hides the ADXWordTaskPane.
            </summary>
            <remarks>The Visible property of the ADXWordTaskPane becomes False.</remarks>
        </member>
        <member name="M:AddinExpress.WD.ADXWordTaskPane.ADXPostMessage(System.IntPtr,System.IntPtr)">
            <summary>
            Sends a custom message to the internal window of the add-in. 
            When the message is received, the ADXWordTaskPane raises the ADXPostMessageReceived event.
            </summary>
            <param name="wParam">A value that will be available in the ADXPostMessageReceived event.</param>
            <param name="lParam">A value that will be available in the ADXPostMessageReceived event.</param>
        </member>
        <member name="F:AddinExpress.WD.ADXWordTaskPane.components">
            <summary>
            Required designer variable.
            </summary>
        </member>
        <member name="P:AddinExpress.WD.ADXWordTaskPane.CurrentWordWindowHandle">
            <summary>
            Returns an IntPtr which is the handle of the current Word window into which the ADXWordTaskPane is embedded. Returns IntPtr.Zero if the ADXWordTaskPane isn't currently embedded.
            </summary>
        </member>
        <member name="P:AddinExpress.WD.ADXWordTaskPane.WordAppObj">
            <summary>
            Returns a reference to the Word.Application in the context of which the add-in works.
            </summary>
        </member>
        <member name="P:AddinExpress.WD.ADXWordTaskPane.WordTaskPanesManager">
            <summary>
            Returns a reference to the Word Forms Manager
            </summary>
        </member>
        <member name="P:AddinExpress.WD.ADXWordTaskPane.AddinModule">
            <summary>
            Returns the add-in module.
            </summary>
        </member>
        <member name="P:AddinExpress.WD.ADXWordTaskPane.Item">
            <summary>
            Returns a reference to the item of the ADXWordTaskPanesManager.Items collection that controls the form.
            </summary>
        </member>
        <member name="P:AddinExpress.WD.ADXWordTaskPane.RegionState">
            <summary>
            Returns or sets the state of a region for a visible ADXWordTaskPane. 
            </summary>
        </member>
        <member name="E:AddinExpress.WD.ADXWordTaskPane.ADXBeforeTaskPaneShow">
            <summary>
            Occurs before the ADXWordTaskPane is displayed.
            </summary>
        </member>
        <member name="E:AddinExpress.WD.ADXWordTaskPane.ADXAfterTaskPaneShow">
            <summary>
            Occurs after the ADXWordTaskPane is displayed.
            </summary>
        </member>
        <member name="E:AddinExpress.WD.ADXWordTaskPane.ADXAfterTaskPaneHide">
            <summary>
            Occurs just after the ADXWordTaskPane is hidded.
            </summary>
        </member>
        <member name="E:AddinExpress.WD.ADXWordTaskPane.ADXEnter">
            <summary>
            Occurs when the task pane is entered.
            </summary>
        </member>
        <member name="E:AddinExpress.WD.ADXWordTaskPane.ADXLeave">
            <summary>
            Occurs when the input focus leaves the task pane.
            </summary>
        </member>
        <member name="E:AddinExpress.WD.ADXWordTaskPane.ADXPostMessageReceived">
            <summary>
            Occurs after the ADXPostMessage method is called.
            </summary>
        </member>
        <member name="E:AddinExpress.WD.ADXWordTaskPane.ADXCloseButtonClick">
            <summary>
            Occurs when the user clicks on the Close button.
            </summary>
        </member>
        <member name="E:AddinExpress.WD.ADXWordTaskPane.ADXSplitterMove">
            <summary>
            Occurs when the user drags the splitter. 
            </summary>
        </member>
        <member name="E:AddinExpress.WD.ADXWordTaskPane.ADXDragOverMinimized">
            <summary>
            Occurs when an object is dragged over the ADXWordTaskPane and the ADXWordTaskPane is minimised.
            </summary>
        </member>
        <member name="T:AddinExpress.WD.ADXWordTaskPane.ADXSplitterMoveEventArgs">
            <summary>
             Provides data for the ADXSplitterMove event of ADXWordTaskPane.
            </summary>
        </member>
        <member name="P:AddinExpress.WD.ADXWordTaskPane.ADXSplitterMoveEventArgs.NewRegionSize">
            <summary>
             Returns a Size containing a new size of ADXWordTaskPane.
            </summary>
        </member>
        <member name="P:AddinExpress.WD.ADXWordTaskPane.ADXSplitterMoveEventArgs.Cancel">
            <summary>
             If set to true, the user cannot move the splitter and, consequently, change the size of ADXWordTaskPane.
            </summary>
        </member>
        <member name="T:AddinExpress.WD.ADXWordTaskPane.ADXSplitterMoveEventHandler">
            <summary>
            Represents the method that handles the ADXSplitterMove event of ADXWordTaskPane.
            </summary>
            <param name="sender">The ADXWordTaskPane which is the source of the event.</param>
            <param name="e">An ADXSplitterMoveEventArgs that provides event data.</param>
        </member>
        <member name="T:AddinExpress.WD.ADXWordTaskPane.ADXDragOverMinimizedEventArgs">
            <summary>
            Provides data for the ADXDragOverMinimized event of the ADXWordTaskPane.
            </summary>
        </member>
        <member name="P:AddinExpress.WD.ADXWordTaskPane.ADXDragOverMinimizedEventArgs.Expand">
            <summary>
            If true, the minimised ADXWordTaskPane will be expanded.
            </summary>
        </member>
        <member name="T:AddinExpress.WD.ADXWordTaskPane.DragOverMinimized_EventHandler">
            <summary>
            Represents the method that handles the ADXDragOverMinimized event of the ADXWordTaskPane.
            </summary>
            <param name="sender">The ADXWordTaskPane that is the source of the event.</param>
            <param name="e">An ADXDragOverMinimizedEventArgs that contains the event data.</param>
        </member>
        <member name="T:AddinExpress.WD.ADXBeforeTaskPaneShowEventHandler">
            <summary> Represents the method that handles the ADXBeforeTaskPaneShow event of
            the ADXWordTaskPane.</summary>
            <param name="sender">The ADXWordTaskPane which is the source of the
            event.</param>
            <param name="e">An ADXBeforeTaskPaneShowEventArgs which contains event
            data.</param>
        </member>
        <member name="T:AddinExpress.WD.ADXAfterTaskPaneShowEventHandler">
            <summary>
            Represents the method that handles the ADXAfterTaskPaneShow event of the ADXWordTaskPane.
            </summary>
            <param name="sender">The ADXWordTaskPane which is the source of the event.</param>
            <param name="e">An ADXAfterTaskPaneShowEventArgs which contains event data.</param>
        </member>
        <member name="T:AddinExpress.WD.ADXAfterTaskPaneHideEventHandler">
            <summary>
            Represents the method that handles the ADXAfterTaskPaneHide event of the ADXWordTaskPane.
            </summary>
            <param name="sender">The ADXWordTaskPane which is the source of the event.</param>
            <param name="e">An ADXAfterTaskPaneHideEventArgs which contains event data.</param>
        </member>
        <member name="T:AddinExpress.WD.ADXCloseButtonClickEventHandler">
            <summary>
            Represents the method that handles the ADXCloseButtonClick event of the ADXWordTaskPane.
            </summary>
            <param name="sender">An ADXWordTaskPane that is curretly active.</param>
            <param name="e">An ADXCloseButtonClickEventArgs that provides event data.</param>
        </member>
        <member name="T:AddinExpress.WD.ADXBeforeTaskPaneShowEventArgs">
            <summary>
            Provides data for the ADXBeforeTaskPaneShow event of the ADXWordTaskPane. 
            </summary>
        </member>
        <member name="T:AddinExpress.WD.ADXAfterTaskPaneShowEventArgs">
            <summary>
            Provides data for the ADXAfterTaskPaneShow event of the ADXWordTaskPane. 
            </summary>
        </member>
        <member name="T:AddinExpress.WD.ADXAfterTaskPaneHideEventArgs">
            <summary>
            Provides data for the ADXAfterTaskPaneHide event of the ADXWordTaskPane. 
            </summary>
        </member>
        <member name="T:AddinExpress.WD.ADXEnterEventArgs">
            <summary>
            Provides data for the ADXEnter event of the ADXWordTaskPane.
            </summary>
        </member>
        <member name="T:AddinExpress.WD.ADXEnterEventHandler">
            <summary>
            Represents the method that handles the ADXEnter event of the ADXWordTaskPane.
            </summary>
            <param name="sender">The ADXWordTaskPane which is the source of the event.</param>
            <param name="e">An ADXEnterEventArgs that provides event data.</param>
        </member>
        <member name="T:AddinExpress.WD.ADXLeaveEventArgs">
            <summary>
            Provides data for the ADXLeave event of the ADXWordTaskPane.
            </summary>
        </member>
        <member name="T:AddinExpress.WD.ADXLeaveEventHandler">
            <summary>
            Represents the method that handles the ADXLeave event of the ADXWordTaskPane.
            </summary>
            <param name="sender">The ADXWordTaskPane which is the source of the event.</param>
            <param name="e">An ADXLeaveEventArgs that provides event data.</param>
        </member>
        <member name="T:AddinExpress.WD.ADXPostMessageReceivedEventArgs">
            <summary>
            Provides data for the ADXPostMessageReceived event of the ADXWordTaskPane.
            </summary>
        </member>
        <member name="P:AddinExpress.WD.ADXPostMessageReceivedEventArgs.WParam">
            <summary>
            This is a message-specific parameter from the ADXWordTaskPane.ADXPostMessage method.
            </summary>
        </member>
        <member name="P:AddinExpress.WD.ADXPostMessageReceivedEventArgs.LParam">
            <summary>
            This is a message-specific parameter from the ADXWordTaskPane.ADXPostMessage method.
            </summary>
        </member>
        <member name="T:AddinExpress.WD.ADXPostMessageReceivedEventHandler">
            <summary>
            Represents the method that handles the ADXPostMessageReceived event of the ADXWordTaskPane.
            </summary>
            <param name="sender">The ADXWordTaskPane which is the source of the event.</param>
            <param name="e">An ADXPostMessageReceivedEventArgs that provides event data.</param>
        </member>
        <member name="T:AddinExpress.WD.ADXCloseButtonClickEventArgs">
            <summary>
            Provides data for the ADXCloseButtonClick event of the ADXWordTaskPane.
            </summary>
        </member>
        <member name="P:AddinExpress.WD.ADXCloseButtonClickEventArgs.CloseForm">
            <summary>
            If true, the form will be closed. Default - true.
            </summary>
        </member>
        <member name="P:AddinExpress.WD.ADXCloseButtonClickEventArgs.DisableItem">
            <summary>
            If true, the item corresponding to the form will be disabled. Default - false.
            </summary>
        </member>
        <member name="T:AddinExpress.WD.ADXWordTaskPanesCollection">
            <summary>
            A collection of items that manage task pane embedding. Every item (of the ADXWordTaskPanesCollectionItem type) specifies the form (of the ADXWordTaskPane type) to be embedded as well as position and other aspects of form embedding.
            </summary>
        </member>
        <member name="M:AddinExpress.WD.ADXWordTaskPanesCollection.Copy">
            <summary>
            Creates a new ADXWordTaskPanesCollection object and copies all collection items to this object.
            </summary>
        </member>
        <member name="M:AddinExpress.WD.ADXWordTaskPanesCollection.Clear">
            <summary>
            Removes all items from the collection.
            </summary>
        </member>
        <member name="M:AddinExpress.WD.ADXWordTaskPanesCollection.Add(AddinExpress.WD.ADXWordTaskPanesCollectionItem)">
            <summary>
            Adds an ADXWordTaskPanesCollectionItem to the end of the ADXOlFormsCollection.
            </summary>
            <param name="formsItem">The ADXWordTaskPanesCollectionItem to be added to the end of the ADXWordTaskPanesCollection.</param>
            <returns>Either the ADXWordTaskPanesCollectionItem (existing or just added) or null (Nothing in VB.NET).</returns>
        </member>
        <member name="M:AddinExpress.WD.ADXWordTaskPanesCollection.RemoveAt(System.Int32)">
            <summary>
            Removes the ADXWordTaskPanesCollectionItem at the specified index of the ADXWordTaskPanesCollection.
            </summary>
            <param name="index">The zero-based index of the ADXWordTaskPanesCollectionItem to remove. </param>
        </member>
        <member name="M:AddinExpress.WD.ADXWordTaskPanesCollection.IndexOf(AddinExpress.WD.ADXWordTaskPanesCollectionItem)">
            <summary>
            Searches for the specified ADXWordTaskPanesCollectionItem and returns the zero-based index of the first occurrence within the entire ADXWordTaskPanesCollection.
            </summary>
            <param name="formsItem">The ADXWordTaskPanesCollectionItem to locate in the collection.</param>
            <returns>The zero-based index of the first occurrence of value within the entire ADXWordTaskPanesCollection, if found; otherwise, -1.</returns>
        </member>
        <member name="M:AddinExpress.WD.ADXWordTaskPanesCollection.Contains(AddinExpress.WD.ADXWordTaskPanesCollectionItem)">
            <summary> Determines whether an element is in the
            ADXOlFormsCollection.</summary>
            <param name="formsItem">The Object to locate in the ADXWordTaskPanesCollection. The
            value can be a null reference (Nothing in Visual Basic).</param>
            <returns><b>true</b> if <i>formsItem</i> is found in the ADXWordTaskPanesCollection;
            otherwise, <b>false</b>.</returns>
        </member>
        <member name="M:AddinExpress.WD.ADXWordTaskPanesCollection.Remove(AddinExpress.WD.ADXWordTaskPanesCollectionItem)">
            <summary>
            Removes the item from the ADXWordTaskPanesCollection,
            </summary>
            <param name="formsItem">The ADXWordTaskPanesCollection to remove from the ADXWordTaskPanesCollection.</param>
        </member>
        <member name="P:AddinExpress.WD.ADXWordTaskPanesCollection.Owner">
            <summary>
            Returns the ADXWordTaskPanesManager which is the owner of the collection.
            </summary>
        </member>
        <member name="P:AddinExpress.WD.ADXWordTaskPanesCollection.Item(System.Int32)">
            <summary>
            Returns an ADXWordTaskPanesCollectionItem at the specified index.
            </summary>
            <param name="index">The zero-based index of the ADXWordTaskPanesCollectionItem to get.</param>
        </member>
        <member name="T:AddinExpress.WD.ADXWordTaskPanesCollectionItem">
            <summary> Represents an item in an ADXWordTaskPanesCollection.</summary>
            <remarks>First off, you specify an ADXWordTaskPane in the FormClassName
            property and set the Enabled property to True. 
            <para>To show instances of the ADXWordTaskPane in Word, specify an appropriate
            layout in the Position property.</para>
            <para>To be able to resize the ADXWordTaskPane programmatically, you set the
            Splitter property to None.</para></remarks>
        </member>
        <member name="M:AddinExpress.WD.ADXWordTaskPanesCollectionItem.#ctor">
            <summary>
            Initializes a new instance of the class.
            </summary>
        </member>
        <member name="M:AddinExpress.WD.ADXWordTaskPanesCollectionItem.#ctor(System.ComponentModel.IContainer)">
            <summary>
            Initializes a new instance of the class.
            </summary>
            <param name="container">An IContainer that represents the container for the component.</param>
        </member>
        <member name="M:AddinExpress.WD.ADXWordTaskPanesCollectionItem.ShowTaskPane">
            <summary>
            Creates an instance of the ADXWordTaskPane for current document. If the instance exists, fires an exception.
            </summary>
        </member>
        <member name="M:AddinExpress.WD.ADXWordTaskPanesCollectionItem.GetCurrentTaskPaneInstance(AddinExpress.WD.EmbeddedFormStates)">
            <summary> Returns an instance of the ADXWordTaskPane (specified in the TaskPaneClassName
            property) in the specified state.</summary>
            <remarks>An instance of the ADXWordTaskPane can be in one of three states determined
            by the Active and Visible properties of the instance. When on top of the set of
            ADXWordTaskPane instances in a given layout, the Active property of the instance is
            True. This state is called Active. When not on top of the set of ADXWordTaskPane
            instances in the layout, the Active property of the instance is False. This
            state is called Visible. When not in any layout, the Visible property is
            False.</remarks>
            <param name="EmbeddedFormState">The state of the instance of the
            ADXWordTaskPane.</param>
            <returns>The instance of the ADXWordTaskPane or null (Nothing in VB.NET).</returns>
        </member>
        <member name="P:AddinExpress.WD.ADXWordTaskPanesCollectionItem.Collection">
            <summary>
            Returns the ADXWordTaskPanesCollection which is the parent of the ADXWordTaskPanesCollectionItem.
            </summary>
        </member>
        <member name="P:AddinExpress.WD.ADXWordTaskPanesCollectionItem.TaskPaneInstances">
            <summary>
            Returns the collection of created TaskPane instances.
            </summary>
        </member>
        <member name="P:AddinExpress.WD.ADXWordTaskPanesCollectionItem.CurrentTaskPaneInstance">
            <summary>
            Returns the current ADXWordTaskPane instance which is currently shown (or hidden).
            </summary>
        </member>
        <member name="P:AddinExpress.WD.ADXWordTaskPanesCollectionItem.Position">
            <summary>
            Specifies the position the instance of the ADXWordTaskPane specified in the TaskPaneClassName property will be embedded into.
            </summary>
        </member>
        <member name="P:AddinExpress.WD.ADXWordTaskPanesCollectionItem.AlwaysShowHeader">
            <summary>
            If False and an only instance of an ADXWordTaskPane is shown in Position, the header isn't shown. 
            </summary>
        </member>
        <member name="P:AddinExpress.WD.ADXWordTaskPanesCollectionItem.CloseButton">
            <summary>  If true, the close button will be displayed for every instance of
            ADXWordTaskPane which class name is specified in the TaskPaneClassName
            property. When the user clicks the button, the corresponding ADXWordTaskPane
            fires the ADXCloseButtonClick event.</summary>
        </member>
        <member name="P:AddinExpress.WD.ADXWordTaskPanesCollectionItem.IsHiddenStateAllowed">
             <summary> If false, the hidden state will be unavailable through the user interface 
             for the region showing an instance of ADXWordTaskPane whose class name is specified 
             in the TaskPaneClassName property. 
            </summary>
        </member>
        <member name="P:AddinExpress.WD.ADXWordTaskPanesCollectionItem.TaskPaneClassName">
            <summary>
            Returns or sets the class name of an ADXWordTaskPane instances of which will be created and shown by the ADXWordTaskPanesCollectionItem.
            </summary>
        </member>
        <member name="P:AddinExpress.WD.ADXWordTaskPanesCollectionItem.Enabled">
            <summary>
            If false, no ADXWordTaskPane instances will be created and shown.
            </summary>
        </member>
        <member name="P:AddinExpress.WD.ADXWordTaskPanesCollectionItem.Splitter">
            <summary>
            Specifies the splitter. If this property is set to None, the corresponding ADXWordTaskPane can be resized programmatically.
            </summary>
        </member>
        <member name="P:AddinExpress.WD.ADXWordTaskPanesCollectionItem.DefaultRegionState">
            <summary>Returns or sets a value of the ADXRegionState type that specify the
            default state of the region to which the taskpanes created by the current
            ADXWordTaskPanesCollectionItem will be embedded. The value specified by this property
            is applied only once - if no Add-in Express taskpanes were ever embedded in the
            regions specified by the current ADXWordTaskPanesCollectionItem when your add-in is
            run on a given PC for the very first time. In all other circumstances, the state
            of the region is controlled by the user.</summary>
            <remarks>A region can be in the following states: normal, hidden (collapsed to a
            5px wide strip), minimized (reduced to the size of the form caption).</remarks>
        </member>
        <member name="P:AddinExpress.WD.ADXWordTaskPanesCollectionItem.Tag">
            <summary>Returns or sets a string value that can be used to store data
            associated with the ADXWordTaskPanesCollectionItem.</summary>
        </member>
        <member name="P:AddinExpress.WD.ADXWordTaskPanesCollectionItem.RestoreFromMinimizedState">
            <summary>Returns or sets a Boolean value specifying the display of the pane
            created by the current ADXWordTaskPanesCollectionItem when the region is
            reduced to the size of the form caption (i.e. when it is in the minimized state)
            and the user clicks on the form caption. If the value is true, the region will
            be restored to the normal state. If the value is false, the form will pop-up
            overlaying the adjoining part of the Word window, in which the form is
            embedded.</summary>
        </member>
        <member name="P:AddinExpress.WD.ADXWordTaskPanesCollectionItem.UseOfficeThemeForBackground">
            <summary>
            If set to true, the color of the current Office theme is used to paint the background of ADXWordTaskPane. Otherwise, the color set at design-time is used.
            </summary>
        </member>
        <member name="P:AddinExpress.WD.ADXWordTaskPanesCollectionItem.RegionBorder">
            <summary>
            Determines whether to show a frame arround the region or not to show.
            </summary>
        </member>
        <member name="P:AddinExpress.WD.ADXWordTaskPanesCollectionItem.AllowedDropPositions">
            <summary>Returns or sets a value (or a combination of values) of the
            ADXWordAllowedDropPositions type, specifying the regions to which
            and from which the user can drag-and-drop the forms created by the current
            ADXWordTaskPanesCollectionItem.</summary>
        </member>
        <member name="T:AddinExpress.WD.ADXWordTaskPanesManager">
            <summary>Word Forms Manager. The main class of the Add-in Express 
            Extensions for Word.</summary>
            <remarks>The folowing classes constitute the architecture of the Add-in Express
            Extensions for Word: 
            <list type="bullet">
            <item>
            <description>ADXWordTaskPanesManager</description></item>
            <item>
            <description>ADXWordTaskPanesCollection</description></item>
            <item>
            <description>ADXWordTaskPanesCollectionItem</description></item>
            <item>
            <description>ADXWordTaskPane</description></item></list>
            <para>You start with adding an item to the Items collection and binding it to an
            ADXWordTaskPane which is the base class for every form embeddable into Word
            windows. Then you process events provided in ADXWordTaskPanesManager and ADXWordTaskPane.
            </para>
            <para>The most notable event in this class is ADXBeforeTaskPaneInstanceCreate.</para></remarks>
        </member>
        <member name="M:AddinExpress.WD.ADXWordTaskPanesManager.#ctor">
            <summary>
            Initializes a new instance of the class.
            </summary>
        </member>
        <member name="M:AddinExpress.WD.ADXWordTaskPanesManager.#ctor(System.ComponentModel.IContainer)">
            <summary>
            Initializes a new instance of the class.
            </summary>
            <param name="container">An IContainer that represents the container for the component.</param>
        </member>
        <member name="M:AddinExpress.WD.ADXWordTaskPanesManager.SetOwner(System.Object)">
            <summary> This member supports the Add-in Express infrastructure and is not
            intended to be used directly from your code.</summary>
            <param name="AddinModule">An instance of the Add-in Express AddinModule class.</param>
        </member>
        <member name="P:AddinExpress.WD.ADXWordTaskPanesManager.AddinModule">
            <summary>
            Returns the add-in module the component is located on.
            </summary>
        </member>
        <member name="P:AddinExpress.WD.ADXWordTaskPanesManager.WordAppObj">
            <summary>
            Returns a reference to Word.Application (a COM object).
            </summary>
            <remarks>The COM objects provided in this member are essential for Add-in
            Express Extensions functioning. That's why you must never release them. On the
            contrary, you must release every COM object obtained from them. 
            <para>To release a COM object, you use the ReleaseComObject method of the
            Marshal class located in the System.Runtime.InteropServices
            namespace.</para></remarks>
        </member>
        <member name="P:AddinExpress.WD.ADXWordTaskPanesManager.Items">
            <summary>
            A collection of items that manage form embedding. Every item (of the ADXWordTaskPanesCollectionItem type) specifies the form to be embedded as well as the position and other aspects of form embedding.
            </summary>
        </member>
        <member name="E:AddinExpress.WD.ADXWordTaskPanesManager.ADXInitialize">
            <summary>
            Occurs before the Word Forms Manager is initialized.
            </summary>
        </member>
        <member name="E:AddinExpress.WD.ADXWordTaskPanesManager.ADXBeforeTaskPaneInstanceCreate">
            <summary>
            Occurs before a form instance (of the ADXWordTaskPane Type) is created. Allows preventing the creation of the instance. 
            </summary>
        </member>
        <member name="E:AddinExpress.WD.ADXWordTaskPanesManager.ADXError">
            <summary>
            Occurs when the ADXWordTaskPanesManager generates an exception.
            </summary>
        </member>
        <member name="T:AddinExpress.WD.ADXErrorEventHandler">
            <summary> Represents the method that handles the ADXWordTaskPanesManager.ADXError
            event.</summary>
            <param name="sender">The ADXWordTaskPanesManager that is the source of the event.</param>
            <param name="e">An ADXErrorEventArgs that contains the event data.</param>
        </member>
        <member name="T:AddinExpress.WD.ADXInitializeEventHandler">
            <summary> Represents the method that handles the ADXWordTaskPanesManager.ADXInitialize
            event.</summary>
            <param name="sender">The ADXWordTaskPanesManager that is the source of the event.</param>
            <param name="e">An ADXInitializeEventArgs that contains the event data.</param>
        </member>
        <member name="T:AddinExpress.WD.ADXBeforeTaskPaneInstanceCreateEventHandler">
            <summary> Represents the method that handles the
            ADXWordTaskPanesManager.ADXBeforeTaskPaneInstanceCreate event.</summary>
            <param name="sender">The ADXWordTaskPanesManager that is the source of the event.</param>
            <param name="e">An ADXBeforeTaskPaneInstanceCreateEventArgs that contains the event data.</param>
        </member>
        <member name="T:AddinExpress.WD.ADXErrorEventArgs">
            <summary>
            Provides data for the ADXWordTaskPanesManager.ADXError event.
            </summary>
        </member>
        <member name="P:AddinExpress.WD.ADXErrorEventArgs.Exception">
            <summary>
            Returns the exception that is the cause of the event.
            </summary>
        </member>
        <member name="P:AddinExpress.WD.ADXErrorEventArgs.Handled">
            <summary>
            Returns or sets a boolean value that specifies if the OnError event is handled by the developer. If it is false (default), the Extensions shows an error dialog.
            </summary>
        </member>
        <member name="T:AddinExpress.WD.ADXBeforeTaskPaneInstanceCreateEventArgs">
            <summary>
            Provides data for the ADXBeforeTaskPaneInstanceCreate event of ADXWordTaskPanesManager.
            </summary>
        </member>
        <member name="P:AddinExpress.WD.ADXBeforeTaskPaneInstanceCreateEventArgs.Cancel">
            <summary>
            If true, prevents creating an instance of the ADXWordTaskPane defined in the TaskPaneClassName property of the ADXWordTaskPanesCollectionItem which is specified in the Item member of this class.
            </summary>
        </member>
        <member name="P:AddinExpress.WD.ADXBeforeTaskPaneInstanceCreateEventArgs.Item">
            <summary>
            Returns the ADXWordTaskPanesCollectionItem that is about to create an ADXWordTaskPane instance.
            </summary>
        </member>
        <member name="T:AddinExpress.WD.ADXInitializeEventArgs">
            <summary>
            Provides data for the ADXWordTaskPanesManager.ADXInitialize event.
            </summary>
        </member>
        <member name="T:AddinExpress.WD.ADXSyncEventType">
            <summary>
            The status of document/workbook synchronization.
            </summary>
        </member>
        <member name="T:AddinExpress.WD.ADXWordTaskPanePosition">
            <summary>
            Positions avalable for a task pane.
            </summary>
        </member>
        <member name="T:AddinExpress.WD.ADXWordAllowedDropPositions">
            <summary>The regions to which and from which the user can drag-and-drop the
            forms created by a given ADXWordTaskPanesCollectionItem.</summary>
        </member>
        <member name="T:AddinExpress.WD.ADXWordSplitter">
            <summary>
            The splitter.
            </summary>
        </member>
        <member name="F:AddinExpress.WD.ADXWordSplitter.None">
            <summary>The user is unable to resize the form. The developer is able to resize the
            form programmatically.</summary>
        </member>
        <member name="F:AddinExpress.WD.ADXWordSplitter.Standard">
            <summary>The user is able to resize, show, or hide the form. The developer is
            unable to resize the form programmatically.</summary>
        </member>
        <member name="T:AddinExpress.WD.Log">
            <summary> This member supports the Add-in Express infrastructure and is not
            intended to be used directly from your code.</summary>
        </member>
        <member name="M:AddinExpress.WD.Log.AddException(System.String,System.String)">
            <summary> This member supports the Add-in Express infrastructure and is not
            intended to be used directly from your code.
            </summary>
            <param name="mes">An exception message that will be added to the log.</param>
            <param name="detailedInfo">Detailed info about the exception that will be added to the log.</param>
        </member>
        <member name="M:AddinExpress.WD.Log.AddSystemInfo(System.String)">
            <summary> This member supports the Add-in Express infrastructure and is not
            intended to be used directly from your code.</summary>
            <param name="info">Info that will be added to the log.</param>
        </member>
        <member name="M:AddinExpress.WD.Log.AddMessage(System.String)">
            <summary> This member supports the Add-in Express infrastructure and is not
            intended to be used directly from your code.
            </summary>
            <param name="mes">A message that will be added to the log.</param>
        </member>
        <member name="M:AddinExpress.WD.Log.AddWarning(System.String)">
            <summary> This member supports the Add-in Express infrastructure and is not
            intended to be used directly from your code.
            </summary>
            <param name="mes">A warning message that will be added to the log.</param>
        </member>
        <member name="M:AddinExpress.WD.Log.AddIndent">
            <summary> This member supports the Add-in Express infrastructure and is not
            intended to be used directly from your code.</summary>
        </member>
        <member name="M:AddinExpress.WD.Log.RemoveIndent">
            <summary> This member supports the Add-in Express infrastructure and is not
            intended to be used directly from your code.</summary>
        </member>
        <member name="M:AddinExpress.WD.Log.SetCountLastMessages(System.Int32)">
            <summary> This member supports the Add-in Express infrastructure and is not
            intended to be used directly from your code.
            </summary>
            <param name="count">A count of messages that will be contained in the log.</param>
        </member>
        <member name="M:AddinExpress.WD.Log.GetMessages">
            <summary> This member supports the Add-in Express infrastructure and is not
            intended to be used directly from your code.</summary>
        </member>
        <member name="M:AddinExpress.WD.Log.ShowMessages(System.String)">
            <summary> This member supports the Add-in Express infrastructure and is not
            intended to be used directly from your code.</summary>
            <param name="caption">A caption of a window log.</param>
        </member>
        <member name="M:AddinExpress.WD.Log.ClearMessages">
            <summary> This member supports the Add-in Express infrastructure and is not
            intended to be used directly from your code.</summary>
        </member>
        <member name="M:AddinExpress.WD.Log.Save(System.String)">
            <summary> This member supports the Add-in Express infrastructure and is not
            intended to be used directly from your code.
            </summary>
            <param name="fileName">A file name that will be used for saving the log.</param>
        </member>
        <member name="P:AddinExpress.WD.Log.SaveLogToFilebyDefaultAfterAddingEachMessage">
            <summary> This member supports the Add-in Express infrastructure and is not
            intended to be used directly from your code.</summary>
        </member>
        <member name="P:AddinExpress.WD.Log.SaveLogToFilebyDefaultWhenManagerIsDisposed">
            <summary> This member supports the Add-in Express infrastructure and is not
            intended to be used directly from your code.</summary>
        </member>
        <member name="P:AddinExpress.WD.Log.LogFileByDefault">
            <summary> This member supports the Add-in Express infrastructure and is not
            intended to be used directly from your code.</summary>
        </member>
        <member name="T:AddinExpress.WD.WordApplicationEvents">
            <summary> This member supports the Add-in Express infrastructure and is not
            intended to be used directly from your code.</summary>
        </member>
        <member name="T:AddinExpress.WD.WordApplicationEvents2000">
            <summary> This member supports the Add-in Express infrastructure and is not
            intended to be used directly from your code.</summary>
        </member>
        <member name="T:AddinExpress.WD.WordApplicationEvents2002">
            <summary> This member supports the Add-in Express infrastructure and is not
            intended to be used directly from your code.</summary>
        </member>
        <member name="T:AddinExpress.WD.WordApplicationEvents2003">
            <summary> This member supports the Add-in Express infrastructure and is not
            intended to be used directly from your code.</summary>
        </member>
    </members>
</doc>
